--Boss Cards

INSERT OR REPLACE INTO "main"."cards" ("id", "name", "character_id", "card_unique_info_id", "cost", "rarity", "hp_init", "hp_max", "atk_init", "atk_max", "def_init", "def_max", "element", "lv_max", "skill_lv_max", "grow_type", "optimal_awakening_grow_type", "price", "exp_type", "training_exp", "special_motion", "passive_skill_set_id", "leader_skill_set_id", "link_skill1_id", "link_skill2_id", "link_skill3_id", "link_skill4_id", "link_skill5_id", "link_skill6_id", "link_skill7_id", "eball_mod_min", "eball_mod_num100", "eball_mod_mid", "eball_mod_mid_num", "eball_mod_max", "eball_mod_max_num", "max_level_reward_id", "max_level_reward_type", "collectable_type", "face_x", "face_y", "aura_id", "aura_scale", "aura_offset_x", "aura_offset_y", "is_aura_front", "is_selling_only", "awakening_number", "resource_id", "bg_effect_id", "selling_exchange_point", "awakening_element_type", "potential_board_id", "open_at", "created_at", "updated_at") VALUES ('78600710', 'KK VEGITO (Boss Card)', '1060', '532', '58', '4', '4883', '16275', '4286', '14288', '1688', '5628', '13', '120', '10', '40', NULL, '50176', '15', '6045', '1', '78600712', '78600713', '29', '70', '97', '103', '112', '89', '109', '40', '3', '0', '0', '150', '12', '1', '1', '1', '336', '769', '6', NULL, NULL, NULL, '0', '0', NULL, NULL, NULL, '15000', '1', NULL, '2020-07-09 06:00:00', '2025-01-07 01:23:09.944693', '2025-01-07 01:23:09.944693');
INSERT OR REPLACE INTO "main"."cards" ("id", "name", "character_id", "card_unique_info_id", "cost", "rarity", "hp_init", "hp_max", "atk_init", "atk_max", "def_init", "def_max", "element", "lv_max", "skill_lv_max", "grow_type", "optimal_awakening_grow_type", "price", "exp_type", "training_exp", "special_motion", "passive_skill_set_id", "leader_skill_set_id", "link_skill1_id", "link_skill2_id", "link_skill3_id", "link_skill4_id", "link_skill5_id", "link_skill6_id", "link_skill7_id", "eball_mod_min", "eball_mod_num100", "eball_mod_mid", "eball_mod_mid_num", "eball_mod_max", "eball_mod_max_num", "max_level_reward_id", "max_level_reward_type", "collectable_type", "face_x", "face_y", "aura_id", "aura_scale", "aura_offset_x", "aura_offset_y", "is_aura_front", "is_selling_only", "awakening_number", "resource_id", "bg_effect_id", "selling_exchange_point", "awakening_element_type", "potential_board_id", "open_at", "created_at", "updated_at") VALUES ('78600711', 'KK VEGITO (Boss Card)', '1060', '532', '58', '4', '6022', '19875', '5066', '16720', '2056', '6788', '13', '120', '10', '41', NULL, '50176', '15', '6045', '1', '78600712', '78600713', '29', '70', '97', '103', '112', '89', '109', '40', '3', '0', '0', '150', '12', '1', '1', '1', '336', '769', '6', NULL, NULL, NULL, '0', '0', NULL, NULL, NULL, '15000', '1', '20', '2020-07-09 06:00:00', '2025-01-07 01:23:09.944693', '2025-01-07 01:23:09.944693');


--Categorie

INSERT OR REPLACE INTO "main"."card_card_categories" ("id", "card_id", "card_category_id", "num", "created_at", "updated_at") VALUES (78600710001, 78600710, 46, 1, '2024-12-29 14:45:00', '2024-12-29 14:45:00');
INSERT OR REPLACE INTO "main"."card_card_categories" ("id", "card_id", "card_category_id", "num", "created_at", "updated_at") VALUES (78600710002, 78600710, 10, 2, '2024-12-29 14:45:00', '2024-12-29 14:45:00');
INSERT OR REPLACE INTO "main"."card_card_categories" ("id", "card_id", "card_category_id", "num", "created_at", "updated_at") VALUES (78600710003, 78600710, 8, 3, '2024-12-29 14:45:00', '2024-12-29 14:45:00');
INSERT OR REPLACE INTO "main"."card_card_categories" ("id", "card_id", "card_category_id", "num", "created_at", "updated_at") VALUES (78600710004, 78600710, 26, 4, '2024-12-29 14:45:00', '2024-12-29 14:45:00');
INSERT OR REPLACE INTO "main"."card_card_categories" ("id", "card_id", "card_category_id", "num", "created_at", "updated_at") VALUES (78600710005, 78600710, 19, 5, '2024-12-29 14:45:00', '2024-12-29 14:45:00');
INSERT OR REPLACE INTO "main"."card_card_categories" ("id", "card_id", "card_category_id", "num", "created_at", "updated_at") VALUES (78600710006, 78600710, 39, 6, '2024-12-29 14:45:00', '2024-12-29 14:45:00');
INSERT OR REPLACE INTO "main"."card_card_categories" ("id", "card_id", "card_category_id", "num", "created_at", "updated_at") VALUES (78600710007, 78600710, 23, 7, '2024-12-29 14:45:00', '2024-12-29 14:45:00');
INSERT OR REPLACE INTO "main"."card_card_categories" ("id", "card_id", "card_category_id", "num", "created_at", "updated_at") VALUES (78600710008, 78600710, 58, 8, '2024-12-29 14:45:00', '2024-12-29 14:45:00');
INSERT OR REPLACE INTO "main"."card_card_categories" ("id", "card_id", "card_category_id", "num", "created_at", "updated_at") VALUES (78600710009, 78600710, 75, 9, '2024-12-29 14:45:00', '2024-12-29 14:45:00');
INSERT OR REPLACE INTO "main"."card_card_categories" ("id", "card_id", "card_category_id", "num", "created_at", "updated_at") VALUES (78600710010, 78600710, 80, 10, '2024-12-29 14:45:00', '2024-12-29 14:45:00');
INSERT OR REPLACE INTO "main"."card_card_categories" ("id", "card_id", "card_category_id", "num", "created_at", "updated_at") VALUES (78600710011, 78600710, 83, 11, '2024-12-29 14:45:00', '2024-12-29 14:45:00');
INSERT OR REPLACE INTO "main"."card_card_categories" ("id", "card_id", "card_category_id", "num", "created_at", "updated_at") VALUES (78600710012, 78600710, 85, 12, '2024-12-29 14:45:00', '2024-12-29 14:45:00');
INSERT OR REPLACE INTO "main"."card_card_categories" ("id", "card_id", "card_category_id", "num", "created_at", "updated_at") VALUES (78600710013, 78600710, 84, 13, '2024-12-29 14:45:00', '2024-12-29 14:45:00');
INSERT OR REPLACE INTO "main"."card_card_categories" ("id", "card_id", "card_category_id", "num", "created_at", "updated_at") VALUES (78600710014, 78600710, 88, 14, '2024-12-29 14:45:00', '2024-12-29 14:45:00');

INSERT OR REPLACE INTO "main"."card_card_categories" ("id", "card_id", "card_category_id", "num", "created_at", "updated_at") VALUES (78600711001, 78600711, 46, 1, '2024-12-29 14:45:00', '2024-12-29 14:45:00');
INSERT OR REPLACE INTO "main"."card_card_categories" ("id", "card_id", "card_category_id", "num", "created_at", "updated_at") VALUES (78600711002, 78600711, 10, 2, '2024-12-29 14:45:00', '2024-12-29 14:45:00');
INSERT OR REPLACE INTO "main"."card_card_categories" ("id", "card_id", "card_category_id", "num", "created_at", "updated_at") VALUES (78600711003, 78600711, 8, 3, '2024-12-29 14:45:00', '2024-12-29 14:45:00');
INSERT OR REPLACE INTO "main"."card_card_categories" ("id", "card_id", "card_category_id", "num", "created_at", "updated_at") VALUES (78600711004, 78600711, 26, 4, '2024-12-29 14:45:00', '2024-12-29 14:45:00');
INSERT OR REPLACE INTO "main"."card_card_categories" ("id", "card_id", "card_category_id", "num", "created_at", "updated_at") VALUES (78600711005, 78600711, 19, 5, '2024-12-29 14:45:00', '2024-12-29 14:45:00');
INSERT OR REPLACE INTO "main"."card_card_categories" ("id", "card_id", "card_category_id", "num", "created_at", "updated_at") VALUES (78600711006, 78600711, 39, 6, '2024-12-29 14:45:00', '2024-12-29 14:45:00');
INSERT OR REPLACE INTO "main"."card_card_categories" ("id", "card_id", "card_category_id", "num", "created_at", "updated_at") VALUES (78600711007, 78600711, 23, 7, '2024-12-29 14:45:00', '2024-12-29 14:45:00');
INSERT OR REPLACE INTO "main"."card_card_categories" ("id", "card_id", "card_category_id", "num", "created_at", "updated_at") VALUES (78600711008, 78600711, 58, 8, '2024-12-29 14:45:00', '2024-12-29 14:45:00');
INSERT OR REPLACE INTO "main"."card_card_categories" ("id", "card_id", "card_category_id", "num", "created_at", "updated_at") VALUES (78600711009, 78600711, 75, 9, '2024-12-29 14:45:00', '2024-12-29 14:45:00');
INSERT OR REPLACE INTO "main"."card_card_categories" ("id", "card_id", "card_category_id", "num", "created_at", "updated_at") VALUES (78600711010, 78600711, 80, 10, '2024-12-29 14:45:00', '2024-12-29 14:45:00');
INSERT OR REPLACE INTO "main"."card_card_categories" ("id", "card_id", "card_category_id", "num", "created_at", "updated_at") VALUES (78600711011, 78600711, 83, 11, '2024-12-29 14:45:00', '2024-12-29 14:45:00');
INSERT OR REPLACE INTO "main"."card_card_categories" ("id", "card_id", "card_category_id", "num", "created_at", "updated_at") VALUES (78600711012, 78600711, 85, 12, '2024-12-29 14:45:00', '2024-12-29 14:45:00');
INSERT OR REPLACE INTO "main"."card_card_categories" ("id", "card_id", "card_category_id", "num", "created_at", "updated_at") VALUES (78600711013, 78600711, 84, 13, '2024-12-29 14:45:00', '2024-12-29 14:45:00');
INSERT OR REPLACE INTO "main"."card_card_categories" ("id", "card_id", "card_category_id", "num", "created_at", "updated_at") VALUES (78600711014, 78600711, 88, 14, '2024-12-29 14:45:00', '2024-12-29 14:45:00');

--SP
INSERT OR REPLACE INTO "main"."special_views" ("id", "script_name", "cut_in_card_id", "special_name_no", "special_motion", "lite_flicker_rate", "energy_color", "special_category_id", "created_at", "updated_at") VALUES ('78670', 'sp7867001', '0', '0', '0', '70', '', '2', '2024-12-27 10:42:01.883204', '2024-12-27 10:42:01.883204');

INSERT OR REPLACE INTO "main"."effect_packs" ("id", "category", "name", "pack_name", "scene_name", "red", "green", "blue", "alpha", "lite_flicker_rate", "created_at", "updated_at") VALUES ('78670011', '5', 'VB Kaioken', 'sp_effect_b1_7867001_SP', 'ef_001', '255', '255', '255', '255', '70', '2024-12-27 10:42:32.438069', '2024-12-27 10:42:32.438069');
INSERT OR REPLACE INTO "main"."effect_packs" ("id", "category", "name", "pack_name", "scene_name", "red", "green", "blue", "alpha", "lite_flicker_rate", "created_at", "updated_at") VALUES ('78670012', '5', 'VB Kaioken', 'sp_effect_b1_7867001_SP', 'ef_002', '255', '255', '255', '255', '70', '2024-12-27 10:42:32.438069', '2024-12-27 10:42:32.438069');
INSERT OR REPLACE INTO "main"."effect_packs" ("id", "category", "name", "pack_name", "scene_name", "red", "green", "blue", "alpha", "lite_flicker_rate", "created_at", "updated_at") VALUES ('78670013', '5', 'VB Kaioken', 'sp_effect_b1_7867001_SP', 'ef_003', '255', '255', '255', '255', '70', '2024-12-27 10:42:32.438069', '2024-12-27 10:42:32.438069');
INSERT OR REPLACE INTO "main"."effect_packs" ("id", "category", "name", "pack_name", "scene_name", "red", "green", "blue", "alpha", "lite_flicker_rate", "created_at", "updated_at") VALUES ('78670014', '5', 'VB Kaioken', 'sp_effect_b1_7867001_SP', 'ef_004', '255', '255', '255', '255', '70', '2024-12-27 10:42:32.438069', '2024-12-27 10:42:32.438069');

--SpecialSET
INSERT OR REPLACE INTO "main"."special_sets" ("id", "name", "description", "causality_description", "aim_target", "increase_rate", "lv_bonus", "is_inactive", "created_at", "updated_at") VALUES ('78670', 'Kaioken Assault', 'Greatly raises ATK and 
raises DEF and 
causes colossal damage to enemy', NULL, '0', '200', '5', '0', '2024-08-26 02:43:53.231321', '2024-08-26 02:43:53.231321');


--Specials
INSERT OR REPLACE INTO "main"."specials" ("id", "special_set_id", "type", "efficacy_type", "target_type", "calc_option", "turn", "prob", "causality_conditions", "eff_value1", "eff_value2", "eff_value3", "created_at", "updated_at") VALUES ('786070', '78670', 'Special::NormalEfficacySpecial', '3', '1', '2', '99', '100', NULL, '25', '25', '0', '2024-08-26 02:43:54.785147', '2024-08-26 02:43:54.785147');

--CardSpecials

INSERT OR REPLACE INTO "main"."card_specials" ("id", "card_id", "special_set_id", "priority", "style", "lv_start", "eball_num_start", "view_id", "card_costume_condition_id", "special_bonus_id1", "special_bonus_lv1", "bonus_view_id1", "special_bonus_id2", "special_bonus_lv2", "bonus_view_id2", "causality_conditions", "special_asset_id", "created_at", "updated_at") VALUES ('786608', '78600710', '78670', '0', 'Normal', '10', '12', '78670', '0', '5', '20', '0', '0', '0', '0', NULL, NULL, '2024-08-26 02:44:10.449773', '2024-08-26 02:44:10.449773');
INSERT OR REPLACE INTO "main"."card_specials" ("id", "card_id", "special_set_id", "priority", "style", "lv_start", "eball_num_start", "view_id", "card_costume_condition_id", "special_bonus_id1", "special_bonus_lv1", "bonus_view_id1", "special_bonus_id2", "special_bonus_lv2", "bonus_view_id2", "causality_conditions", "special_asset_id", "created_at", "updated_at") VALUES ('786609', '78600711', '78670', '0', 'Normal', '10', '12', '78670', '0', '5', '20', '0', '0', '0', '0', NULL, NULL, '2024-08-26 02:44:10.449773', '2024-08-26 02:44:10.449773');